Workbook

Sheet IDs
A1: id | B1: mun | C1: mun_ar | D1: city
A2: 1 | B2: Aarab Sebbah Gheris | C2: اعرب صباح اغريس | D2: Casablanca | E2: Sidi Moumen | F2: سيدي مومن
A3: 2 | B3: Aarab Sebbah Ziz | C3: عرب صباح زيز | E3: Hay-Hassani | F3: الحي الحسني
A4: 3 | B4: Abadou | C4: أبادو | E4: Aïn-Chock | F4: عين الشق
A5: 4 | B5: Abaynou | C5: أباينو | E5: Moulay Rachid | F5: مولاي رشيد
A6: 5 | B6: Abbou Lakhal | C6: عبو لكحل | E6: Sidi Othmane | F6: سيدي عثمان
A7: 6 | B7: Abdelghaya Souahel | C7: عبد الغاية السواحل | E7: Sidi Bernoussi | F7: سيدي البرنوصي
A8: 7 | B8: Abteh | C8: أبطيح | E8: Aïn-Sebaâ | F8: عين السبع
A9: 8 | B9: Adaghas | C9: أدغاس | E9: Maârif | F9: المعاريف
A10: 9 | B10: Adar | C10: أضار | E10: Sidi Belyout | F10: سيدي بليوط
A11: 10 | B11: Adassil | C11: اداسيل | E11: Al-Fida | F11: الفداء
A12: 11 | B12: Aday | C12: أداي | E12: Ben-M'sick | F12: ابن مسيك
A13: 12 | B13: Adis | C13: اديس | E13: Asoukhour Assawda | F13: الصخور السوداء
A14: 13 | B14: Adrej | C14: أدرج | E14: Hay-Mohammadi | F14: الحي المحمدي
... A16: 15 | B16: Afella Ighir | C16: أفلا إغير | E16: Mers-Sultan | F16: مرس السلطان
A17: 16 | B17: Afella N'dra | C17: أفلاندرا | E17: Anfa | F17: أنفا | G17: Oulad Azzouz
A18: 17 | B18: Aferkat | C18: افركط | E18: Dar Bouazza | F18: دار بوعزة
A19: 18 | B19: Afourar | C19: أفورار | E19: Bouskoura | F19: بوسكورة
A20: 19 | B20: Afra | C20: أفرا | E20: Oulad Azzouz | F20: أولاد عزوز
A21: 20 | B21: Afsou | C21: افسو | E21: Ouled Salah | F21: أولاد صالح
A22: 21 | B22: Agadir | C22: أكادير | E22: Nouaceur | F22: النواصر
A23: 22 | B23: Agadir Melloul | C23: أكادير ملول
A24: 23 | B24: Agafay | C24: أكفاي
A25: 24 | B25: Agdal | C25: أكدال
A26: 25 | B26: Agdal Riyad | C26: أكدال الرياض
A27: 26 | B27: Agdz | C27: أكدز
A28: 27 | B28: Aghbal | C28: أغبال
A29: 28 | B29: Aghbala | C29: اغبالة
A30: 29 | B30: Aghbalou | C30: أغبالو
A31: 30 | B31: Aghbalou Aqorar | C31: اغبالو أقورار
A32: 31 | B32: Aghbalou-N'kerdous | C32: اغبالو انكردوس
A33: 32 | B33: Aghbar | C33: اغبار
A34: 33 | B34: Aghouatim | C34: اغواطيم
... A1540: 1539 | B1540: Zrizer | C1540: الزريزر

Sheet mun_pop
A1: mun_id | B1: mun | C1: city | D1: pop_total | E1: pop_total_male | F1: pop_total_female | G1: pop_under_15 | H1: pop_under_15_male | I1: pop_under_15_female | J1: pop_15_59 | K1: pop_15_59_male | L1: pop_15_59_female | M1: pop_60 | N1: pop_60_male | O1: pop_60_female
A2: {=INDEX(IDs!A:A, MATCH(B2, IDs!B:B, 0))} -> 1 | B2: Aarab Sebbah Gheris | D2: 4758 | E2: 2444 | F2: 2314 | G2: 33.2 | H2: 34.6 | I2: 31.8 | J2: 55 | K2: 53.8 | L2: 56.2 | M2: 11.8 | N2: 11.6 | O2: 12.1
A3: {=INDEX(IDs!A:A, MATCH(B3, IDs!B:B, 0))} -> 2 | B3: Aarab Sebbah Ziz | D3: 20538 | E3: 10547 | F3: 9991 | G3: 32.2 | H3: 32.7 | I3: 31.7 | J3: 57.1 | K3: 56.4 | L3: 57.7 | M3: 10.7 | N3: 10.9 | O3: 10.5
A4: {=INDEX(IDs!A:A, MATCH(B4, IDs!B:B, 0))} -> 3 | B4: Abadou | D4: 10482 | E4: 5594 | F4: 4888 | G4: 27.4 | H4: 27.3 | I4: 27.6 | J4: 58.4 | K4: 58.8 | L4: 57.9 | M4: 14.2 | N4: 13.8 | O4: 14.5
A5: {=INDEX(IDs!A:A, MATCH(B5, IDs!B:B, 0))} -> 4 | B5: Abaynou | D5: 2932 | E5: 1428 | F5: 1504 | G5: 30.1 | H5: 29.3 | I5: 30.9 | J5: 55.9 | K5: 57.1 | L5: 54.7 | M5: 14.1 | N5: 13.6 | O5: 14.5
A6: {=INDEX(IDs!A:A, MATCH(B6, IDs!B:B, 0))} -> 5 | B6: Abbou Lakhal | D6: 1789 | E6: 901 | F6: 888 | G6: 39.6 | H6: 38.6 | I6: 40.5 | J6: 53 | K6: 53.3 | L6: 52.7 | M6: 7.4 | N6: 8.1 | O6: 6.8
A7: {=INDEX(IDs!A:A, MATCH(B7, IDs!B:B, 0))} -> 6 | B7: Abdelghaya Souahel | D7: 24435 | E7: 13191 | F7: 11244 | G7: 28.9 | H7: 27.9 | I7: 30 | J7: 60.9 | K7: 63.3 | L7: 58 | M7: 10.3 | N7: 8.8 | O7: 12
A8: {=INDEX(IDs!A:A, MATCH(B8, IDs!B:B, 0))} -> 7 | B8: Abteh | D8: 647 | E8: 329 | F8: 318 | G8: 24.6 | H8: 25.5 | I8: 23.6 | J8: 65.4 | K8: 64.4 | L8: 66.4 | M8: 10 | N8: 10 | O8: 10.1
A9: {=INDEX(IDs!A:A, MATCH(B9, IDs!B:B, 0))} -> 8 | B9: Adaghas | D9: 1656 | E9: 838 | F9: 818 | G9: 27.1 | H9: 29.2 | I9: 24.8 | J9: 50.4 | K9: 48.7 | L9: 52.1 | M9: 22.6 | N9: 22.1 | O9: 23.1
A10: {=INDEX(IDs!A:A, MATCH(B10, IDs!B:B, 0))} -> 9 | B10: Adar | D10: 3038 | E10: 1152 | F10: 1886 | G10: 20 | H10: 27.4 | I10: 15.5 | J10: 49.8 | K10: 39 | L10: 56.4 | M10: 30.2 | N10: 33.6 | O10: 28
A11: {=INDEX(IDs!A:A, MATCH(B11, IDs!B:B, 0))} -> 10 | B11: Adassil | D11: 7059 | E11: 3681 | F11: 3378 | G11: 30.2 | H11: 30 | I11: 30.4 | J11: 56 | K11: 56.1 | L11: 55.8 | M11: 13.8 | N11: 13.9 | O11: 13.8
A12: {=INDEX(IDs!A:A, MATCH(B12, IDs!B:B, 0))} -> 11 | B12: Aday | D12: 2825 | E12: 1317 | F12: 1508 | G12: 25 | H12: 27.9 | I12: 22.3 | J12: 54.5 | K12: 52.2 | L12: 56.5 | M12: 20.6 | N12: 19.9 | O12: 21.2
A13: {=INDEX(IDs!A:A, MATCH(B13, IDs!B:B, 0))} -> 12 | B13: Adis | D13: 6227 | E13: 2925 | F13: 3302 | G13: 25.7 | H13: 29.1 | I13: 22.6 | J13: 58.2 | K13: 57.2 | L13: 59.2 | M13: 16.1 | N13: 13.7 | O13: 18.2
... A34: {=INDEX(IDs!A:A, MATCH(B34, IDs!B:B, 0))} -> 33 | B34: Aghouatim | D34: 36090 | E34: 18960 | F34: 17130 | G34: 30 | H34: 29.9 | I34: 30.1 | J34: 58.2 | K34: 58.4 | L34: 58 | M34: 11.8 | N34: 11.7 | O34: 11.9
A35: {=INDEX(IDs!A:A, MATCH(B35, IDs!B:B, 0))} -> 34 | B35: Aghouinite-N/A | D35: 1006 | E35: N/A | F35: N/A | G35: N/A | H35: N/A | I35: N/A | J35: N/A | K35: N/A | L35: N/A | M35: N/A | N35: N/A | O35: N/A
A36: {=INDEX(IDs!A:A, MATCH(B36, IDs!B:B, 0))} -> 35 | B36: Aglif | D36: 6499 | E36: 3160 | F36: 3339 | G36: 31.4 | H36: 33.5 | I36: 29.4 | J36: 48.9 | K36: 47.3 | L36: 50.4 | M36: 19.7 | N36: 19.2 | O36: 20.2
A37: {=INDEX(IDs!A:A, MATCH(B37, IDs!B:B, 0))} -> 36 | B37: Agoudi N'lkhair | D37: 11963 | E37: 6173 | F37: 5790 | G37: 31.5 | H37: 31.2 | I37: 31.8 | J37: 56.4 | K37: 57.3 | L37: 55.5 | M37: 12.1 | N37: 11.5 | O37: 12.7
A38: {=INDEX(IDs!A:A, MATCH(B38, IDs!B:B, 0))} -> 37 | B38: Agoudim | D38: 3822 | E38: 1966 | F38: 1856 | G38: 28.9 | H38: 28.7 | I38: 29 | J38: 55.7 | K38: 56.6 | L38: 54.8 | M38: 15.4 | N38: 14.7 | O38: 16.2
A39: {=INDEX(IDs!A:A, MATCH(B39, IDs!B:B, 0))} -> 38 | B39: Agourai | D39: 19158 | E39: 9486 | F39: 9672 | G39: 26.8 | H39: 28.4 | I39: 25.2 | J39: 59.2 | K39: 58.1 | L39: 60.3 | M39: 14 | N39: 13.5 | O39: 14.5
A40: {=INDEX(IDs!A:A, MATCH(B40, IDs!B:B, 0))} -> 39 | B40: Aguelmam Azegza | D40: 6779 | E40: 3504 | F40: 3275 | G40: 25.7 | H40: 25.4 | I40: 26 | J40: 57.7 | K40: 58.1 | L40: 57.3 | M40: 16.6 | N40: 16.4 | O40: 16.7
A41: {=INDEX(IDs!A:A, MATCH(B41, IDs!B:B, 0))} -> 40 | B41: Aguelmous | D41: 36555 | E41: 18500 | F41: 18055 | G41: 25.3 | H41: 26.1 | I41: 24.6 | J41: 60 | K41: 59.7 | L41: 60.4 | M41: 14.6 | N41: 14.2 | O41: 15
A42: {=INDEX(IDs!A:A, MATCH(B42, IDs!B:B, 0))} -> 41 | B42: Aguerd | D42: 5370 | E42: 2714 | F42: 2656 | G42: 26.1 | H42: 26.1 | I42: 26.1 | J42: 55.4 | K42: 54.9 | L42: 55.8 | M42: 18.5 | N42: 19 | O42: 18
A43: {=INDEX(IDs!A:A, MATCH(B43, IDs!B:B, 0))} -> 42 | B43: Aguinane | D43: 2396 | E43: 1079 | F43: 1317 | G43: 24 | H43: 25.7 | I43: 22.6 | J43: 53 | K43: 50.7 | L43: 54.8 | M43: 23.1 | N43: 23.6 | O43: 22.6
A44: {=INDEX(IDs!A:A, MATCH(B44, IDs!B:B, 0))} -> 43 | B44: Ahdil | D44: 11130 | E44: 5988 | F44: 5142 | G44: 32.6 | H44: 30.9 | I44: 34.6 | J44: 56.2 | K44: 58 | L44: 54.1 | M44: 11.2 | N44: 11.1 | O44: 11.3
A45: {=INDEX(IDs!A:A, MATCH(B45, IDs!B:B, 0))} -> 44 | B45: Ahfir | D45: 15857 | E45: 7408 | F45: 8449 | G45: 18.1 | H45: 19.2 | I45: 17.3 | J45: 55.6 | K45: 54.5 | L45: 56.5 | M45: 26.3 | N45: 26.3 | O45: 26.3
A46: {=INDEX(IDs!A:A, MATCH(B46, IDs!B:B, 0))} -> 45 | B46: Ahl Angad | D46: 17943 | E46: 9256 | F46: 8687 | G46: 27.4 | H46: 28 | I46: 26.8 | J46: 59.1 | K46: 58.4 | L46: 59.8 | M46: 13.5 | N46: 13.6 | O46: 13.4
A47: {=INDEX(IDs!A:A, MATCH(B47, IDs!B:B, 0))} -> 46 | B47: Ahl Oued Za | D47: 10672 | E47: 5315 | F47: 5357 | G47: 26.5 | H47: 27.9 | I47: 25.1 | J47: 58.4 | K47: 56.8 | L47: 60.1 | M47: 15.1 | N47: 15.3 | O47: 14.9
... A87: {=INDEX(IDs!A:A, MATCH(B87, IDs!B:B, 0))} -> 86 | B87: Ain Zohra | D87: 8704 | E87: 3915 | F87: 4789 | G87: 27.4 | H87: 29.7 | I87: 25.4 | J87: 56.1 | K87: 54.6 | L87: 57.3 | M87: 16.6 | N87: 15.7 | O87: 17.3
A88: {=INDEX(IDs!A:A, MATCH(B88, IDs!B:B, 0))} -> 87 | B88: Aïn-Chock | C88: Casablanca | D88: 374579 | E88: 184704 | F88: 189875 | G88: 21.2 | H88: 22.3 | I88: 20.2 | J88: 62.3 | K88: 61.7 | L88: 63 | M88: 16.4 | N88: 16.1 | O88: 16.8
A89: {=INDEX(IDs!A:A, MATCH(B89, IDs!B:B, 0))} -> 88 | B89: Aïn-Sebaâ | C89: Casablanca | D89: 143697 | E89: 70042 | F89: 73655 | G89: 21.1 | H89: 22.4 | I89: 19.8 | J89: 61.9 | K89: 61.2 | L89: 62.5 | M89: 17 | N89: 16.4 | O89: 17.6
A90: {=INDEX(IDs!A:A, MATCH(B90, IDs!B:B, 0))} -> 89 | B90: Ait Aadel | D90: 8724 | E90: 4666 | F90: 4058 | G90: 33.1 | H90: 32.1 | I90: 34.2 | J90: 57.2 | K90: 58.3 | L90: 55.8 | M90: 9.8 | N90: 9.6 | O90: 10
A91: {=INDEX(IDs!A:A, MATCH(B91, IDs!B:B, 0))} -> 90 | B91: Ait Abbas | D91: 13541 | E91: 7115 | F91: 6426 | G91: 36.8 | H91: 36.9 | I91: 36.7 | J91: 54.9 | K91: 54.7 | L91: 55.1 | M91: 8.3 | N91: 8.4 | O91: 8.2
A92: {=INDEX(IDs!A:A, MATCH(B92, IDs!B:B, 0))} -> 91 | B92: Ait Abdallah | D92: 1594 | E92: 639 | F92: 955 | G92: 15.9 | H92: 20.7 | I92: 12.7 | J92: 49.7 | K92: 49.8 | L92: 49.7 | M92: 34.4 | N92: 29.6 | O92: 37.6
A93: {=INDEX(IDs!A:A, MATCH(B93, IDs!B:B, 0))} -> 92 | B93: Ait Aissa Ihahane | D93: 2563 | E93: 1179 | F93: 1384 | G93: 23.5 | H93: 24.8 | I93: 22.5 | J93: 49.4 | K93: 47.4 | L93: 51.2 | M93: 27 | N93: 27.8 | O93: 26.4
A94: {=INDEX(IDs!A:A, MATCH(B94, IDs!B:B, 0))} -> 93 | B94: Ait Ali Ou Lahcen | D94: 5139 | E94: 2632 | F94: 2507 | G94: 28.5 | H94: 28.1 | I94: 29 | J94: 58.6 | K94: 59.2 | L94: 58 | M94: 12.9 | N94: 12.7 | O94: 13
A95: {=INDEX(IDs!A:A, MATCH(B95, IDs!B:B, 0))} -> 94 | B95: Ait Amira | D95: 113205 | E95: 58745 | F95: 54460 | G95: 30 | H95: 29.8 | I95: 30.2 | J95: 63.6 | K95: 63.9 | L95: 63.3 | M95: 6.4 | N95: 6.2 | O95: 6.5
A96: {=INDEX(IDs!A:A, MATCH(B96, IDs!B:B, 0))} -> 95 | B96: Ait Ammar | D96: 3392 | E96: 1735 | F96: 1657 | G96: 25.5 | H96: 27.2 | I96: 23.7 | J96: 54.5 | K96: 54 | L96: 55 | M96: 20 | N96: 18.8 | O96: 21.3
A97: {=INDEX(IDs!A:A, MATCH(B97, IDs!B:B, 0))} -> 96 | B97: Ait Ayach | D97: 12932 | E97: 6442 | F97: 6490 | G97: 28.4 | H97: 28.7 | I97: 28.2 | J97: 58.7 | K97: 58.6 | L97: 58.8 | M97: 12.9 | N97: 12.7 | O97: 13.1
A98: {=INDEX(IDs!A:A, MATCH(B98, IDs!B:B, 0))} -> 97 | B98: Ait Baha | D98: 6007 | E98: 3018 | F98: 2989 | G98: 25.7 | H98: 26.9 | I98: 24.4 | J98: 60.7 | K98: 59.6 | L98: 61.8 | M98: 13.6 | N98: 13.5 | O98: 13.8
A99: {=INDEX(IDs!A:A, MATCH(B99, IDs!B:B, 0))} -> 98 | B99: Ait Bazza | D99: 2397 | E99: 1229 | F99: 1168 | G99: 27.1 | H99: 29 | I99: 25.2 | J99: 55.4 | K99: 55.7 | L99: 55.1 | M99: 17.4 | N99: 15.3 | O99: 19.7
A100: {=INDEX(IDs!A:A, MATCH(B100, IDs!B:B, 0))} -> 99 | B100: Ait Belkacem | D100: 4394 | E100: 2206 | F100: 2188 | G100: 25.8 | H100: 25.8 | I100: 25.7 | J100: 56.7 | K100: 58.4 | L100: 54.9 | M100: 17.5 | N100: 15.7 | O100: 19.4
A101: {=INDEX(IDs!A:A, MATCH(B101, IDs!B:B, 0))} -> 100 | B101: Ait Ben Yacoub | D101: 3743 | E101: 1845 | F101: 1898 | G101: 26.2 | H101: 27.4 | I101: 24.9 | J101: 57 | K101: 56.2 | L101: 57.7 | M101: 16.9 | N101: 16.4 | O101: 17.3
... A191: {=INDEX(IDs!A:A, MATCH(B191, IDs!B:B, 0))} -> 190 | B191: Al Ouidane | D191: 37448 | E191: 19099 | F191: 18349 | G191: 29.7 | H191: 30.1 | I191: 29.3 | J191: 59.3 | K191: 58.9 | L191: 59.8 | M191: 11 | N191: 11.1 | O191: 11
A192: {=INDEX(IDs!A:A, MATCH(B192, IDs!B:B, 0))} -> 191 | B192: Al-Fida | C192: Casablanca | D192: 125777 | E192: 62530 | F192: 63247 | G192: 16.8 | H192: 17.7 | I192: 16 | J192: 61 | K192: 63 | L192: 59.1 | M192: 22.2 | N192: 19.3 | O192: 25
A193: {=INDEX(IDs!A:A, MATCH(B193, IDs!B:B, 0))} -> 192 | B193: Allougoum | D193: 8248 | E193: 3907 | F193: 4341 | G193: 31.1 | H193: 33.9 | I193: 28.6 | J193: 55.8 | K193: 54.2 | L193: 57.3 | M193: 13.1 | N193: 11.9 | O193: 14.1
A194: {=INDEX(IDs!A:A, MATCH(B194, IDs!B:B, 0))} -> 193 | B194: Allyene | D194: 8109 | E194: 4189 | F194: 3920 | G194: 28.3 | H194: 30.3 | I194: 26.1 | J194: 59.7 | K194: 57.1 | L194: 62.5 | M194: 12 | N194: 12.6 | O194: 11.3
A195: {=INDEX(IDs!A:A, MATCH(B195, IDs!B:B, 0))} -> 194 | B195: Almajjatia Oulad Taleb | D195: 95449 | E195: 48198 | F195: 47251 | G195: 31.4 | H195: 32.3 | I195: 30.5 | J195: 60.2 | K195: 59.6 | L195: 60.7 | M195: 8.5 | N195: 8.1 | O195: 8.8
A196: {=INDEX(IDs!A:A, MATCH(B196, IDs!B:B, 0))} -> 195 | B196: Almis Marmoucha | D196: 2292 | E196: 1143 | F196: 1149 | G196: 29.1 | H196: 30.5 | I196: 27.6 | J196: 55.8 | K196: 54.5 | L196: 57 | M196: 15.2 | N196: 15 | O196: 15.4
A197: {=INDEX(IDs!A:A, MATCH(B197, IDs!B:B, 0))} -> 196 | B197: Alnif | D197: 20448 | E197: 9744 | F197: 10704 | G197: 33.1 | H197: 36 | I197: 30.5 | J197: 53.4 | K197: 51 | L197: 55.5 | M197: 13.5 | N197: 13 | O197: 14.1
A198: {=INDEX(IDs!A:A, MATCH(B198, IDs!B:B, 0))} -> 197 | B198: Amalou | D198: 2188 | E198: 961 | F198: 1227 | G198: 21.2 | H198: 25.1 | I198: 18.1 | J198: 52.1 | K198: 50.8 | L198: 53.1 | M198: 26.7 | N198: 24.1 | O198: 28.8
A199: {=INDEX(IDs!A:A, MATCH(B199, IDs!B:B, 0))} -> 198 | B199: Amejjaou | D199: 4083 | E199: 1933 | F199: 2150 | G199: 25 | H199: 26.6 | I199: 23.6 | J199: 55 | K199: 54.1 | L199: 55.8 | M199: 20 | N199: 19.3 | O199: 20.7
A200: {=INDEX(IDs!A:A, MATCH(B200, IDs!B:B, 0))} -> 199 | B200: Amellagou | D200: 4706 | E200: 2266 | F200: 2440 | G200: 31 | H200: 32.2 | I200: 29.9 | J200: 53.5 | K200: 53.1 | L200: 53.9 | M200: 15.5 | N200: 14.7 | O200: 16.2
A201: {=INDEX(IDs!A:A, MATCH(B201, IDs!B:B, 0))} -> 200 | B201: Amersid | D201: 6021 | E201: 3055 | F201: 2966 | G201: 30.7 | H201: 31 | I201: 30.4 | J201: 55.8 | K201: 56 | L201: 55.6 | M201: 13.5 | N201: 13 | O201: 14.1
A202: {=INDEX(IDs!A:A, MATCH(B202, IDs!B:B, 0))} -> 201 | B202: Amerzgane | D202: 8683 | E202: 4065 | F202: 4618 | G202: 27.9 | H202: 30.4 | I202: 25.8 | J202: 56.2 | K202: 53.2 | L202: 58.9 | M202: 15.8 | N202: 16.4 | O202: 15.3
A203: {=INDEX(IDs!A:A, MATCH(B203, IDs!B:B, 0))} -> 202 | B203: Ameur | D203: 75075 | E203: 38552 | F203: 36523 | G203: 32.3 | H203: 33 | I203: 31.6 | J203: 60.3 | K203: 59.9 | L203: 60.7 | M203: 7.4 | N203: 7.1 | O203: 7.7
A204: {=INDEX(IDs!A:A, MATCH(B204, IDs!B:B, 0))} -> 203 | B204: Ameur Chamalia | D204: 21998 | E204: 11478 | F204: 10520 | G204: 34.1 | H204: 33.7 | I204: 34.6 | J204: 57.1 | K204: 58 | L204: 56.2 | M204: 8.7 | N204: 8.3 | O204: 9.2
... A215: {=INDEX(IDs!A:A, MATCH(B215, IDs!B:B, 0))} -> 214 | B215: Anergui | D215: 3975 | E215: 2009 | F215: 1966 | G215: 35.2 | H215: 35.4 | I215: 35 | J215: 54.7 | K215: 54.8 | L215: 54.6 | M215: 10.1 | N215: 9.8 | O215: 10.4
A216: {=INDEX(IDs!A:A, MATCH(B216, IDs!B:B, 0))} -> 215 | B216: Anfa | C216: Casablanca | D216: 66026 | E216: 31201 | F216: 34825 | G216: 16.4 | H216: 18 | I216: 15.1 | J216: 58.7 | K216: 58.6 | L216: 58.9 | M216: 24.8 | N216: 23.4 | O216: 26.1
A217: {=INDEX(IDs!A:A, MATCH(B217, IDs!B:B, 0))} -> 216 | B217: Anfeg | D217: 3803 | E217: 1634 | F217: 2169 | G217: 22.1 | H217: 25.3 | I217: 19.6 | J217: 49 | K217: 44.7 | L217: 52.2 | M217: 28.9 | N217: 29.9 | O217: 28.2
A218: {=INDEX(IDs!A:A, MATCH(B218, IDs!B:B, 0))} -> 217 | B218: Anjra | D218: 17214 | E218: 8797 | F218: 8417 | G218: 29 | H218: 28.7 | I218: 29.4 | J218: 59.8 | K218: 59.7 | L218: 59.9 | M218: 11.1 | N218: 11.6 | O218: 10.7
A219: {=INDEX(IDs!A:A, MATCH(B219, IDs!B:B, 0))} -> 218 | B219: Annakhil | D219: 71468 | E219: 35569 | F219: 35899 | G219: 26.2 | H219: 26.9 | I219: 25.5 | J219: 61.1 | K219: 60.4 | L219: 61.8 | M219: 12.7 | N219: 12.7 | O219: 12.7
A220: {=INDEX(IDs!A:A, MATCH(B220, IDs!B:B, 0))} -> 219 | B220: Anougal | D220: 3988 | E220: 2112 | F220: 1876 | G220: 29 | H220: 29 | I220: 28.9 | J220: 55.2 | K220: 55.7 | L220: 54.6 | M220: 15.8 | N220: 15.2 | O220: 16.5
A221: {=INDEX(IDs!A:A, MATCH(B221, IDs!B:B, 0))} -> 220 | B221: Anzi | D221: 6089 | E221: 2855 | F221: 3234 | G221: 21.5 | H221: 22.7 | I221: 20.5 | J221: 53.2 | K221: 51.6 | L221: 54.5 | M221: 25.3 | N221: 25.7 | O221: 25
A222: {=INDEX(IDs!A:A, MATCH(B222, IDs!B:B, 0))} -> 221 | B222: Anzou | D222: 16554 | E222: 8607 | F222: 7947 | G222: 30.6 | H222: 30.1 | I222: 31.3 | J222: 57.2 | K222: 58 | L222: 56.4 | M222: 12.1 | N222: 11.9 | O222: 12.3
A223: {=INDEX(IDs!A:A, MATCH(B223, IDs!B:B, 0))} -> 222 | B223: Aoufous | D223: 8886 | E223: 4099 | F223: 4787 | G223: 28.4 | H223: 31.6 | I223: 25.6 | J223: 53.4 | K223: 52.2 | L223: 54.4 | M223: 18.2 | N223: 16.2 | O223: 20
A224: {=INDEX(IDs!A:A, MATCH(B224, IDs!B:B, 0))} -> 223 | B224: Aouguenz | D224: 2866 | E224: 1212 | F224: 1654 | G224: 14.4 | H224: 17.2 | I224: 12.3 | J224: 49.7 | K224: 47.9 | L224: 51 | M224: 35.9 | N224: 34.9 | O224: 36.7
A225: {=INDEX(IDs!A:A, MATCH(B225, IDs!B:B, 0))} -> 224 | B225: Aouint Lahna | D225: 2526 | E225: 1315 | F225: 1211 | G225: 23.9 | H225: 25.2 | I225: 22.5 | J225: 64.1 | K225: 63.1 | L225: 65.2 | M225: 12 | N225: 11.6 | O225: 12.4
A226: {=INDEX(IDs!A:A, MATCH(B226, IDs!B:B, 0))} -> 225 | B226: Aouint Yghomane | D226: 3367 | E226: 1692 | F226: 1675 | G226: 27.7 | H226: 29.6 | I226: 25.8 | J226: 60.6 | K226: 58 | L226: 63.2 | M226: 11.7 | N226: 12.4 | O226: 11
A227: {=INDEX(IDs!A:A, MATCH(B227, IDs!B:B, 0))} -> 226 | B227: Aoulouz | D227: 19532 | E227: 9710 | F227: 9822 | G227: 28.1 | H227: 29.6 | I227: 26.6 | J227: 58.6 | K227: 57.7 | L227: 59.5 | M227: 13.2 | N227: 12.6 | O227: 13.8
A228: {=INDEX(IDs!A:A, MATCH(B228, IDs!B:B, 0))} -> 227 | B228: Aourir | D228: 45879 | E228: 23551 | F228: 22328 | G228: 25.3 | H228: 25.3 | I228: 25.3 | J228: 63.3 | K228: 62.5 | L228: 64.1 | M228: 11.4 | N228: 12.2 | O228: 10.5
... A245: {=INDEX(IDs!A:A, MATCH(B245, IDs!B:B, 0))} -> 244 | B245: Asni | D245: 22620 | E245: 11706 | F245: 10914 | G245: 29.1 | H245: 28.8 | I245: 29.5 | J245: 58.6 | K245: 59.3 | L245: 57.9 | M245: 12.3 | N245: 12 | O245: 12.7
A246: {=INDEX(IDs!A:A, MATCH(B246, IDs!B:B, 0))} -> 245 | B246: Asoukhour Assawda | C246: Casablanca | D246: 104694 | E246: 50677 | F246: 54017 | G246: 18 | H246: 19.1 | I246: 16.9 | J246: 61 | K246: 60.4 | L246: 61.6 | M246: 21 | N246: 20.5 | O246: 21.5
A247: {=INDEX(IDs!A:A, MATCH(B247, IDs!B:B, 0))} -> 246 | B247: Asrir | D247: 3217 | E247: 1547 | F247: 1670 | G247: 26.2 | H247: 26.4 | I247: 25.9 | J247: 56.3 | K247: 55.9 | L247: 56.6 | M247: 17.6 | N247: 17.6 | O247: 17.5
A248: {=INDEX(IDs!A:A, MATCH(B248, IDs!B:B, 0))} -> 247 | B248: Assa | D248: 15430 | E248: 7532 | F248: 7898 | G248: 27.9 | H248: 29.9 | I248: 25.9 | J248: 61.7 | K248: 59.6 | L248: 63.7 | M248: 10.4 | N248: 10.4 | O248: 10.4
A249: {=INDEX(IDs!A:A, MATCH(B249, IDs!B:B, 0))} -> 248 | B249: Assads | D249: 3592 | E249: 1603 | F249: 1989 | G249: 21.8 | H249: 23 | I249: 20.8 | J249: 53.2 | K249: 50 | L249: 55.8 | M249: 25 | N249: 26.9 | O249: 23.4
A250: {=INDEX(IDs!A:A, MATCH(B250, IDs!B:B, 0))} -> 249 | B250: Assahrij | D250: 16223 | E250: 8340 | F250: 7883 | G250: 31.9 | H250: 32.6 | I250: 31 | J250: 56 | K250: 55.8 | L250: 56.2 | M250: 12.2 | N250: 11.6 | O250: 12.7
A251: {=INDEX(IDs!A:A, MATCH(B251, IDs!B:B, 0))} -> 250 | B251: Assais | D251: 4437 | E251: 2125 | F251: 2312 | G251: 31.2 | H251: 31.8 | I251: 30.7 | J251: 48.3 | K251: 47.4 | L251: 49 | M251: 20.5 | N251: 20.8 | O251: 20.2
A252: {=INDEX(IDs!A:A, MATCH(B252, IDs!B:B, 0))} -> 251 | B252: Assaisse | D252: 5934 | E252: 2622 | F252: 3312 | G252: 26.8 | H252: 31.6 | I252: 23 | J252: 52 | K252: 45.6 | L252: 57 | M252: 21.2 | N252: 22.8 | O252: 20
A253: {=INDEX(IDs!A:A, MATCH(B253, IDs!B:B, 0))} -> 252 | B253: Assaki | D253: 8046 | E253: 3845 | F253: 4201 | G253: 27.3 | H253: 29.3 | I253: 25.5 | J253: 55.7 | K253: 53.8 | L253: 57.3 | M253: 17 | N253: 16.9 | O253: 17.2
A254: {=INDEX(IDs!A:A, MATCH(B254, IDs!B:B, 0))} -> 253 | B254: Assebbab | D254: 7136 | E254: 3609 | F254: 3527 | G254: 29.9 | H254: 31.7 | I254: 28 | J254: 57.1 | K254: 56.1 | L254: 58.1 | M254: 13 | N254: 12.2 | O254: 13.9
A255: {=INDEX(IDs!A:A, MATCH(B255, IDs!B:B, 0))} -> 254 | B255: Assif El Mal | D255: 8002 | E255: 4058 | F255: 3944 | G255: 28.4 | H255: 28.8 | I255: 28 | J255: 55.8 | K255: 56.6 | L255: 55 | M255: 15.7 | N255: 14.5 | O255: 16.9
A256: {=INDEX(IDs!A:A, MATCH(B256, IDs!B:B, 0))} -> 255 | B256: Assilah | D256: 33975 | E256: 17064 | F256: 16911 | G256: 24.3 | H256: 25 | I256: 23.5 | J256: 60.1 | K256: 59.8 | L256: 60.4 | M256: 15.7 | N256: 15.2 | O256: 16.1
A257: {=INDEX(IDs!A:A, MATCH(B257, IDs!B:B, 0))} -> 256 | B257: Assoul | D257: 6825 | E257: 3347 | F257: 3478 | G257: 29.6 | H257: 30.8 | I257: 28.4 | J257: 55.2 | K257: 55.3 | L257: 55.1 | M257: 15.3 | N257: 13.9 | O257: 16.5
A258: {=INDEX(IDs!A:A, MATCH(B258, IDs!B:B, 0))} -> 257 | B258: Atiamim | D258: 6774 | E258: 3492 | F258: 3282 | G258: 32.2 | H258: 33.8 | I258: 30.5 | J258: 55.1 | K258: 55 | L258: 55.3 | M258: 12.7 | N258: 11.2 | O258: 14.3
... A290: {=INDEX(IDs!A:A, MATCH(B290, IDs!B:B, 0))} -> 289 | B290: Ben Taieb | D290: 14999 | E290: 7233 | F290: 7766 | G290: 26.2 | H290: 27.8 | I290: 24.8 | J290: 58.4 | K290: 58.3 | L290: 58.4 | M290: 15.4 | N290: 13.9 | O290: 16.8
A291: {=INDEX(IDs!A:A, MATCH(B291, IDs!B:B, 0))} -> 290 | B291: Ben-M'sick | C291: Casablanca | D291: 105549 | E291: 51281 | F291: 54268 | G291: 18.9 | H291: 19.9 | I291: 18 | J291: 61 | K291: 62.1 | L291: 60 | M291: 20.1 | N291: 18 | O291: 22
A292: {=INDEX(IDs!A:A, MATCH(B292, IDs!B:B, 0))} -> 291 | B292: Beni Malek | D292: 28711 | E292: 14832 | F292: 13879 | G292: 31.8 | H292: 31.9 | I292: 31.6 | J292: 57.7 | K292: 57.9 | L292: 57.5 | M292: 10.5 | N292: 10.2 | O292: 10.9
A293: {=INDEX(IDs!A:A, MATCH(B293, IDs!B:B, 0))} -> 292 | B293: Béni Mellal | D293: 209104 | E293: 100258 | F293: 108846 | G293: 24.2 | H293: 26.1 | I293: 22.5 | J293: 60.5 | K293: 58.1 | L293: 62.6 | M293: 15.3 | N293: 15.8 | O293: 14.9
A294: {=INDEX(IDs!A:A, MATCH(B294, IDs!B:B, 0))} -> 293 | B294: Benslimane | D294: 65343 | E294: 32276 | F294: 33067 | G294: 25.1 | H294: 26.3 | I294: 23.9 | J294: 60.7 | K294: 59.6 | L294: 61.7 | M294: 14.2 | N294: 14.1 | O294: 14.4
A295: {=INDEX(IDs!A:A, MATCH(B295, IDs!B:B, 0))} -> 294 | B295: Berkane | D295: 98838 | E295: 47824 | F295: 51014 | G295: 21.4 | H295: 22.8 | I295: 20.1 | J295: 58.6 | K295: 57.8 | L295: 59.4 | M295: 20 | N295: 19.4 | O295: 20.6
A296: {=INDEX(IDs!A:A, MATCH(B296, IDs!B:B, 0))} -> 295 | B296: Berrechid | D296: 167449 | E296: 82743 | F296: 84706 | G296: 26.2 | H296: 27.5 | I296: 25 | J296: 62.5 | K296: 61.2 | L296: 63.8 | M296: 11.3 | N296: 11.4 | O296: 11.3
A297: {=INDEX(IDs!A:A, MATCH(B297, IDs!B:B, 0))} -> 296 | B297: Bettana | D297: 75470 | E297: 36789 | F297: 38681 | G297: 19.1 | H297: 20 | I297: 18.2 | J297: 60.9 | K297: 60.9 | L297: 61 | M297: 19.9 | N297: 19 | O297: 20.8
A298: {=INDEX(IDs!A:A, MATCH(B298, IDs!B:B, 0))} -> 297 | B298: Bghaghza | D298: 6238 | E298: 3204 | F298: 3034 | G298: 29.8 | H298: 29 | I298: 30.7 | J298: 58 | K298: 59.3 | L298: 56.7 | M298: 12.1 | N298: 11.7 | O298: 12.6
A299: {=INDEX(IDs!A:A, MATCH(B299, IDs!B:B, 0))} -> 298 | B299: Bhalil | D299: 13717 | E299: 6591 | F299: 7126 | G299: 24.6 | H299: 26.7 | I299: 22.6 | J299: 57.5 | K299: 55 | L299: 59.8 | M299: 17.9 | N299: 18.3 | O299: 17.6
A300: {=INDEX(IDs!A:A, MATCH(B300, IDs!B:B, 0))} -> 299 | B300: Bigoudine | D300: 4174 | E300: 2190 | F300: 1984 | G300: 22.6 | H300: 22.4 | I300: 22.7 | J300: 56.3 | K300: 57.3 | L300: 55.2 | M300: 21.1 | N300: 20.3 | O300: 22
A301: {=INDEX(IDs!A:A, MATCH(B301, IDs!B:B, 0))} -> 300 | B301: Bin El Ouidane | D301: 4605 | E301: 2283 | F301: 2322 | G301: 27.3 | H301: 28.8 | I301: 25.9 | J301: 54.5 | K301: 53.7 | L301: 55.4 | M301: 18.1 | N301: 17.5 | O301: 18.7
A302: {=INDEX(IDs!A:A, MATCH(B302, IDs!B:B, 0))} -> 301 | B302: Biougra | D302: 50445 | E302: 25099 | F302: 25346 | G302: 27.9 | H302: 29.1 | I302: 26.7 | J302: 63.5 | K302: 62 | L302: 64.9 | M302: 8.7 | N302: 8.9 | O302: 8.5
A303: {=INDEX(IDs!A:A, MATCH(B303, IDs!B:B, 0))} -> 302 | B303: Bir Anzarane | D303: 1733 | E303: 1709 | F303: 24 | G303: 0.7 | H303: 0.5 | I303: 16.7 | J303: 95.8 | K303: 96.4 | L303: 54.2 | M303: 3.5 | N303: 3.1 | O303: 29.2
... A413: {=INDEX(IDs!A:A, MATCH(B413, IDs!B:B, 0))} -> 412 | B413: Bourrous | D413: 6316 | E413: 3304 | F413: 3012 | G413: 30.5 | H413: 29.6 | I413: 31.5 | J413: 57.2 | K413: 57.8 | L413: 56.5 | M413: 12.4 | N413: 12.7 | O413: 12.1
A414: {=INDEX(IDs!A:A, MATCH(B414, IDs!B:B, 0))} -> 413 | B414: Bouskoura | C414: Casablanca | D414: 200084 | E414: 101189 | F414: 98895 | G414: 28.5 | H414: 29.4 | I414: 27.6 | J414: 63 | K414: 62 | L414: 64.1 | M414: 8.4 | N414: 8.5 | O414: 8.3
...

Sheet marital_status
A1: mun_id | B1: mun | C1: single_p_15 | D1: single_p_15_male | E1: single_p_15_female | F1: married_p_15 | G1: married_p_15_male | H1: married_p_15_female | I1: divorced_p_15 | J1: divorced_p_15_male | K1: divorced_p_15_female | L1: widowed_p_15 | M1: widowed_p_15_male | N1: widowed_p_15_female | O1: avg_age_first_marriage | P1: avg_age_first_marriage_male | Q1: avg_age_first_marriage_female | R1: avg_children_45_49 | S1: total_fertility_rate
A2: {=INDEX(IDs!A:A, MATCH(B2, IDs!B:B, 0))} -> 1 | B2: Aarab Sebbah Gheris | C2: 27.5 | D2: 35.2 | E2: 19.6 | F2: 64.7 | G2: 62.7 | H2: 66.7 | I2: 2.8 | J2: 1.3 | K2: 4.2 | L2: 5.1 | M2: 0.8 | N2: 9.4 | O2: 26.6 | P2: 30.6 | Q2: 22.8 | R2: 4 | S2: 2.71
A3: {=INDEX(IDs!A:A, MATCH(B3, IDs!B:B, 0))} -> 2 | B3: Aarab Sebbah Ziz | C3: 28.6 | D3: 34.7 | E3: 22.2 | F3: 63.6 | G3: 63 | H3: 64.2 | I3: 3.1 | J3: 1.5 | K3: 4.7 | L3: 4.7 | M3: 0.8 | N3: 8.9 | O3: 26.6 | P3: 30.2 | Q3: 22.9 | R3: 3.6 | S3: 2.16
A4: {=INDEX(IDs!A:A, MATCH(B4, IDs!B:B, 0))} -> 3 | B4: Abadou | C4: 33.6 | D4: 43.4 | E4: 22.3 | F4: 60.3 | G4: 55.1 | H4: 66.3 | I4: 1.1 | J4: 0.8 | K4: 1.5 | L4: 5 | M4: 0.8 | N4: 9.8 | O4: 29.2 | P4: 33.1 | Q4: 23.9 | R4: 3.8 | S4: 2.23
A5: {=INDEX(IDs!A:A, MATCH(B5, IDs!B:B, 0))} -> 4 | B5: Abaynou | C5: 29.6 | D5: 36.9 | E5: 22.5 | F5: 61.8 | G5: 60.7 | H5: 62.8 | I5: 2.7 | J5: 1.7 | K5: 3.8 | L5: 5.9 | M5: 0.7 | N5: 11 | O5: 28.5 | P5: 31.8 | Q5: 25.9 | R5: 3.1 | S5: 2.64
A6: {=INDEX(IDs!A:A, MATCH(B6, IDs!B:B, 0))} -> 5 | B6: Abbou Lakhal | C6: 29.6 | D6: 38.3 | E6: 20.5 | F6: 65.8 | G6: 61.1 | H6: 70.6 | I6: 0.6 | J6: 0.2 | K6: 1.1 | L6: 4 | M6: 0.4 | N6: 7.8 | O6: 24.5 | P6: 28.1 | Q6: 20.6 | R6: 5.6 | S6: 2.87
A7: {=INDEX(IDs!A:A, MATCH(B7, IDs!B:B, 0))} -> 6 | B7: Abdelghaya Souahel | C7: 37.1 | D7: 46.9 | E7: 25.4 | F7: 57.4 | G7: 51.3 | H7: 64.7 | I7: 1.5 | J7: 1 | K7: 2 | L7: 4 | M7: 0.8 | N7: 7.9 | O7: 29.8 | P7: 35.2 | Q7: 22.3 | R7: 4 | S7: 2.79
A8: {=INDEX(IDs!A:A, MATCH(B8, IDs!B:B, 0))} -> 7 | B8: Abteh | C8: 46.9 | D8: 49 | E8: 44.9 | F8: 48 | G8: 49 | H8: 46.9 | I8: 0.8 | J8: 1.2 | K8: 0.4 | L8: 4.3 | M8: 0.8 | N8: 7.8 | O8: 33 | P8: 36.7 | Q8: 28.1 | R8: 2.5 | S8: 1.67
A9: {=INDEX(IDs!A:A, MATCH(B9, IDs!B:B, 0))} -> 8 | B9: Adaghas | C9: 27.9 | D9: 33.7 | E9: 22.3 | F9: 62.7 | G9: 63.1 | H9: 62.4 | I9: 1.2 | J9: 1 | K9: 1.5 | L9: 8.1 | M9: 2.2 | N9: 13.8 | O9: 30.1 | P9: 33.1 | Q9: 26.3 | R9: 4.6 | S9: 2.6
A10: {=INDEX(IDs!A:A, MATCH(B10, IDs!B:B, 0))} -> 9 | B10: Adar | C10: 31.4 | D10: 28 | E10: 33.2 | F10: 54 | G10: 68.2 | H10: 46.6 | I10: 2 | J10: 1.1 | K10: 2.5 | L10: 12.6 | M10: 2.8 | N10: 17.7 | O10: 34.5 | P10: 35.8 | Q10: 33.8 | R10: 2.3 | S10: 0.98
A11: {=INDEX(IDs!A:A, MATCH(B11, IDs!B:B, 0))} -> 10 | B11: Adassil | C11: 29.5 | D11: 38 | E11: 20.2 | F11: 63.3 | G11: 60 | H11: 66.9 | I11: 1.1 | J11: 0.7 | K11: 1.5 | L11: 6.1 | M11: 1.2 | N11: 11.4 | O11: 26.9 | P11: 30.3 | Q11: 22 | R11: 4.7 | S11: 3.37
A12: {=INDEX(IDs!A:A, MATCH(B12, IDs!B:B, 0))} -> 11 | B12: Aday | C12: 31.7 | D12: 38.3 | E12: 26.5 | F12: 57.2 | G12: 59.1 | H12: 55.7 | I12: 3 | J12: 1.6 | K12: 4.2 | L12: 8 | M12: 1.1 | N12: 13.7 | O12: 32 | P12: 34.7 | Q12: 29.4 | R12: 3 | S12: 1.58
A13: {=INDEX(IDs!A:A, MATCH(B13, IDs!B:B, 0))} -> 12 | B13: Adis | C13: 40.6 | D13: 45.8 | E13: 36.3 | F13: 50.2 | G13: 52.5 | H13: 48.2 | I13: 2.4 | J13: 0.9 | K13: 3.6 | L13: 6.9 | M13: 0.8 | N13: 11.9 | O13: 33.1 | P13: 35.8 | Q13: 30.5 | R13: 2.8 | S13: 1.75
... A34: {=INDEX(IDs!A:A, MATCH(B34, IDs!B:B, 0))} -> 33 | B34: Aghouatim | C34: 30.7 | D34: 38.3 | E34: 22.4 | F34: 63.1 | G34: 59.5 | H34: 67.2 | I34: 1.5 | J34: 1.1 | K34: 2 | L34: 4.6 | M34: 1.1 | N34: 8.5 | O34: 26.7 | P34: 30.8 | Q34: 21.8 | R34: 3.3 | S34: 2.44
A35: {=INDEX(IDs!A:A, MATCH(B35, IDs!B:B, 0))} -> 34 | B35: Aghouinite-N/A | C35: N/A | D35: N/A | E35: N/A | F35: N/A | G35: N/A | H35: N/A | I35: N/A | J35: N/A | K35: N/A | L35: N/A | M35: N/A | N35: N/A | O35: N/A | P35: N/A | Q35: N/A | R35: N/A | S35: N/A
A36: {=INDEX(IDs!A:A, MATCH(B36, IDs!B:B, 0))} -> 35 | B36: Aglif | C36: 23.9 | D36: 29.2 | E36: 19.3 | F36: 66.4 | G36: 69 | H36: 64 | I36: 1.6 | J36: 0.9 | K36: 2.2 | L36: 8.1 | M36: 0.9 | N36: 14.5 | O36: 27 | P36: 30.2 | Q36: 24.1 | R36: 4.8 | S36: 2.45
A37: {=INDEX(IDs!A:A, MATCH(B37, IDs!B:B, 0))} -> 36 | B37: Agoudi N'lkhair | C37: 30.3 | D37: 38.2 | E37: 21.7 | F37: 63.1 | G37: 59.4 | H37: 67.1 | I37: 2 | J37: 1.3 | K37: 2.8 | L37: 4.6 | M37: 1.1 | N37: 8.4 | O37: 27.4 | P37: 31.2 | Q37: 23 | R37: 4.2 | S37: 1.89
A38: {=INDEX(IDs!A:A, MATCH(B38, IDs!B:B, 0))} -> 37 | B38: Agoudim | C38: 28.5 | D38: 36.9 | E38: 19.4 | F38: 62.5 | G38: 59.6 | H38: 65.6 | I38: 3.3 | J38: 2.3 | K38: 4.4 | L38: 5.7 | M38: 1.2 | N38: 10.6 | O38: 27.7 | P38: 31.9 | Q38: 22.9 | R38: 4.4 | S38: 2.56
A39: {=INDEX(IDs!A:A, MATCH(B39, IDs!B:B, 0))} -> 38 | B39: Agourai | C39: 29.8 | D39: 37.2 | E39: 22.9 | F39: 61 | G39: 59.9 | H39: 62 | I39: 4.3 | J39: 2.2 | K39: 6.2 | L39: 4.9 | M39: 0.7 | N39: 8.9 | O39: 27.6 | P39: 32 | Q39: 23.2 | R39: 2.9 | S39: 2.22
A40: {=INDEX(IDs!A:A, MATCH(B40, IDs!B:B, 0))} -> 39 | B40: Aguelmam Azegza | C40: 26.8 | D40: 34.3 | E40: 18.9 | F40: 65.3 | G40: 62.2 | H40: 68.7 | I40: 2.3 | J40: 2.4 | K40: 2.3 | L40: 5.5 | M40: 1.2 | N40: 10.1 | O40: 28.1 | P40: 31.9 | Q40: 23.9 | R40: 3.1 | S40: 2.1
A41: {=INDEX(IDs!A:A, MATCH(B41, IDs!B:B, 0))} -> 40 | B41: Aguelmous | C41: 28.9 | D41: 36.2 | E41: 21.5 | F41: 62.1 | G41: 60.8 | H41: 63.5 | I41: 3.7 | J41: 2 | K41: 5.5 | L41: 5.3 | M41: 1 | N41: 9.5 | O41: 28.6 | P41: 32.3 | Q41: 24.7 | R41: 2.9 | S41: 2.09
A42: {=INDEX(IDs!A:A, MATCH(B42, IDs!B:B, 0))} -> 41 | B42: Aguerd | C42: 27.5 | D42: 34.4 | E42: 20.5 | F42: 63.5 | G42: 62.2 | H42: 64.8 | I42: 2.4 | J42: 1.8 | K42: 3 | L42: 6.6 | M42: 1.5 | N42: 11.7 | O42: 27.6 | P42: 31.7 | Q42: 23.3 | R42: 3 | S42: 2.13
A43: {=INDEX(IDs!A:A, MATCH(B43, IDs!B:B, 0))} -> 42 | B43: Aguinane | C43: 26.9 | D43: 28.1 | E43: 26.1 | F43: 63.9 | G43: 69.8 | H43: 59.3 | I43: 2 | J43: 1.2 | K43: 2.5 | L43: 7.1 | M43: 0.9 | N43: 12.1 | O43: 30.7 | P43: 33.2 | Q43: 29.2 | R43: 3.6 | S43: 2.45
A44: {=INDEX(IDs!A:A, MATCH(B44, IDs!B:B, 0))} -> 43 | B44: Ahdil | C44: 32.3 | D44: 42.2 | E44: 20.1 | F44: 61.4 | G44: 55.4 | H44: 68.8 | I44: 1 | J44: 1.1 | K44: 0.9 | L44: 5.3 | M44: 1.3 | N44: 10.2 | O44: 28.4 | P44: 32.5 | Q44: 22.7 | R44: 4.6 | S44: 2.55
A45: {=INDEX(IDs!A:A, MATCH(B45, IDs!B:B, 0))} -> 44 | B45: Ahfir | C45: 33.9 | D45: 39.1 | E45: 29.4 | F45: 54.9 | G45: 57.9 | H45: 52.3 | I45: 3.9 | J45: 1.9 | K45: 5.6 | L45: 7.3 | M45: 1 | N45: 12.7 | O45: 29.1 | P45: 34.4 | Q45: 24.2 | R45: 2.2 | S45: 1.45
A46: {=INDEX(IDs!A:A, MATCH(B46, IDs!B:B, 0))} -> 45 | B46: Ahl Angad | C46: 32.5 | D46: 39.2 | E46: 25.5 | F46: 61.5 | G46: 58.5 | H46: 64.7 | I46: 2.2 | J46: 1.3 | K46: 3 | L46: 3.8 | M46: 0.9 | N46: 6.8 | O46: 29.3 | P46: 34.3 | Q46: 24.1 | R46: 2.5 | S46: 1.88
A47: {=INDEX(IDs!A:A, MATCH(B47, IDs!B:B, 0))} -> 46 | B47: Ahl Oued Za | C47: 36.8 | D47: 43 | E47: 30.8 | F47: 57.2 | G47: 55.1 | H47: 59.1 | I47: 1.9 | J47: 1.5 | K47: 2.3 | L47: 4.1 | M47: 0.3 | N47: 7.8 | O47: 28.2 | P47: 33.1 | Q47: 23 | R47: 3 | S47: 1.86
... A302: {=INDEX(IDs!A:A, MATCH(B302, IDs!B:B, 0))} -> 301 | B302: Biougra | C302: 32.8 | D302: 38.3 | E302: 27.6 | F302: 59.6 | G302: 59.7 | H302: 59.6 | I302: 3.8 | J302: 1.7 | K302: 5.8 | L302: 3.7 | M302: 0.3 | N302: 7 | O302: 28 | P302: 31.4 | Q302: 24.9 | R302: 2.5 | S302: 1.84
A303: {=INDEX(IDs!A:A, MATCH(B303, IDs!B:B, 0))} -> 302 | B303: Bir Anzarane | C303: 40.7 | D303: 40.9 | E303: 30 | F303: 56.1 | G303: 56.3 | H303: 35 | I303: 3 | J303: 2.8 | K303: 15 | L303: 0.2 | M303: 0 | N303: 20 | O303: 31.2 | P303: 31.2 | R303: 4
A304: {=INDEX(IDs!A:A, MATCH(B304, IDs!B:B, 0))} -> 303 | B304: Bir Ennasr | C304: 29.2 | D304: 37.7 | E304: 19.6 | F304: 65.9 | G304: 61 | H304: 71.4 | I304: 0.9 | J304: 0.6 | K304: 1.3 | L304: 4 | M304: 0.7 | N304: 7.7 | O304: 26.9 | P304: 30.3 | Q304: 22.8 | R304: 4.2 | S304: 2.24
A305: {=INDEX(IDs!A:A, MATCH(B305, IDs!B:B, 0))} -> 304 | B305: Bir Gandouz | C305: 35.9 | D305: 41.4 | E305: 22.1 | F305: 60.2 | G305: 56.2 | H305: 70.2 | I305: 3.1 | J305: 2.2 | K305: 5.4 | L305: 0.8 | M305: 0.2 | N305: 2.3 | O305: 28.7 | P305: 32 | Q305: 21.4 | R305: 3.4 | S305: 2.94
A306: {=INDEX(IDs!A:A, MATCH(B306, IDs!B:B, 0))} -> 305 | B306: Bir Mezoui | C306: 31.1 | D306: 40.6 | E306: 22.4 | F306: 59 | G306: 57.5 | H306: 60.4 | I306: 2.3 | J306: 1.1 | K306: 3.4 | L306: 7.6 | M306: 0.8 | N306: 13.8 | O306: 27.7 | P306: 33.7 | Q306: 21.9 | R306: 3 | S306: 2.5
A307: {=INDEX(IDs!A:A, MATCH(B307, IDs!B:B, 0))} -> 306 | B307: Bir Taleb | C307: 31 | D307: 36.9 | E307: 24.9 | F307: 60.4 | G307: 59.1 | H307: 61.8 | I307: 3.8 | J307: 2.7 | K307: 4.9 | L307: 4.8 | M307: 1.3 | N307: 8.4 | O307: 26.1 | P307: 33 | Q307: 17 | R307: 2.7 | S307: 2.09
A308: {=INDEX(IDs!A:A, MATCH(B308, IDs!B:B, 0))} -> 307 | B308: Bir Tam-Tam | C308: 27.9 | D308: 34.5 | E308: 21.7 | F308: 62.3 | G308: 62 | H308: 62.6 | I308: 3.9 | J308: 2.7 | K308: 5 | L308: 5.8 | M308: 0.7 | N308: 10.7 | O308: 27.5 | P308: 33.4 | Q308: 21.6 | R308: 2.7 | S308: 1.54
A309: {=INDEX(IDs!A:A, MATCH(B309, IDs!B:B, 0))} -> 308 | B309: Bitit | C309: 30.4 | D309: 36.4 | E309: 24.3 | F309: 62.1 | G309: 60.6 | H309: 63.7 | I309: 3 | J309: 2.1 | K309: 3.9 | L309: 4.5 | M309: 1 | N309: 8.1 | O309: 27.9 | P309: 31.8 | Q309: 23.8 | R309: 2.9 | S309: 2.38
A310: {=INDEX(IDs!A:A, MATCH(B310, IDs!B:B, 0))} -> 309 | B310: Bizdad | C310: 24.5 | D310: 29.8 | E310: 19.4 | F310: 67.1 | G310: 68 | H310: 66.2 | I310: 1.3 | J310: 1 | K310: 1.7 | L310: 7.1 | M310: 1.2 | N310: 12.6 | O310: 26.8 | P310: 30.6 | Q310: 22.9 | R310: 4.1 | S310: 2.69
A311: {=INDEX(IDs!A:A, MATCH(B311, IDs!B:B, 0))} -> 310 | B311: Bleida | C311: 34.5 | D311: 39.8 | E311: 29 | F311: 62.1 | G311: 59.5 | H311: 64.8 | I311: 0.7 | J311: 0.3 | K311: 1.1 | L311: 2.7 | M311: 0.4 | N311: 5.1 | O311: 27.7 | P311: 29.5 | Q311: 25.6 | R311: 4.2 | S311: 3.12
A312: {=INDEX(IDs!A:A, MATCH(B312, IDs!B:B, 0))} -> 311 | B312: Bni A'yat | C312: 28.6 | D312: 36.3 | E312: 21.8 | F312: 60.9 | G312: 60.4 | H312: 61.3 | I312: 2.8 | J312: 2.1 | K312: 3.5 | L312: 7.8 | M312: 1.3 | N312: 13.5 | O312: 27 | P312: 33.3 | Q312: 21.9 | R312: 3.1 | S312: 1.99
A313: {=INDEX(IDs!A:A, MATCH(B313, IDs!B:B, 0))} -> 312 | B313: Bni Abdellah | C313: 41.6 | D313: 44.9 | E313: 38.7 | F313: 51.7 | G313: 53.3 | H313: 50.2 | I313: 1.6 | J313: 0.9 | K313: 2.1 | L313: 5.2 | M313: 0.9 | N313: 8.9 | O313: 31.8 | P313: 37.2 | Q313: 26 | R313: 2 | S313: 1.81
A314: {=INDEX(IDs!A:A, MATCH(B314, IDs!B:B, 0))} -> 313 | B314: Bni Ahmed Cherqia | C314: 31 | D314: 39.2 | E314: 22.1 | F314: 61.4 | G314: 58.2 | H314: 64.9 | I314: 2.7 | J314: 2 | K314: 3.5 | L314: 4.9 | M314: 0.6 | N314: 9.6 | O314: 28.2 | P314: 32.6 | Q314: 23.8 | R314: 3.1 | S314: 1.78
A315: {=INDEX(IDs!A:A, MATCH(B315, IDs!B:B, 0))} -> 314 | B315: Bni Ahmed Gharbia | C315: 33.4 | D315: 42.6 | E315: 22.7 | F315: 60.2 | G315: 54.8 | H315: 66.5 | I315: 2.3 | J315: 1.9 | K315: 2.7 | L315: 4.1 | M315: 0.7 | N315: 8.1 | O315: 29.8 | P315: 33.7 | Q315: 24.8 | R315: 3.6 | S315: 2.83
... A563: {=INDEX(IDs!A:A, MATCH(B563, IDs!B:B, 0))} -> 562 | B563: Ghmate | C563: 31.6 | D563: 40.5 | E563: 21.5 | F563: 61.7 | G563: 57.7 | H563: 66.3 | I563: 1.3 | J563: 0.8 | K563: 1.8 | L563: 5.4 | M563: 1 | N563: 10.4 | O563: 27.7 | P563: 32 | Q563: 22.5 | R563: 3.6 | S563: 2.49
A564: {=INDEX(IDs!A:A, MATCH(B564, IDs!B:B, 0))} -> 563 | B564: Gleibat El Foula | C564: 40.6 | D564: 36 | E564: 57.1 | F564: 59.4 | G564: 64 | H564: 42.9 | I564: 0 | J564: 0 | K564: 0 | L564: 0 | M564: 0 | N564: 0 | R564: 0
A565: {=INDEX(IDs!A:A, MATCH(B565, IDs!B:B, 0))} -> 564 | B565: Gmassa | C565: 28.6 | D565: 36.5 | E565: 20.4 | F565: 62.3 | G565: 60.8 | H565: 64 | I565: 2.5 | J565: 1.3 | K565: 3.7 | L565: 6.5 | M565: 1.4 | N565: 11.9 | O565: 27 | P565: 32.5 | Q565: 21 | R565: 3.6 | S565: 2.49
A566: {=INDEX(IDs!A:A, MATCH(B566, IDs!B:B, 0))} -> 565 | B566: Goulmima | C566: 34 | D566: 39.4 | E566: 29.6 | F566: 53.8 | G566: 57.9 | H566: 50.4 | I566: 5 | J566: 1.6 | K566: 7.7 | L566: 7.3 | M566: 1.2 | N566: 12.3 | O566: 31 | P566: 34.3 | Q566: 28.2 | R566: 2.6 | S566: 2.16
A567: {=INDEX(IDs!A:A, MATCH(B567, IDs!B:B, 0))} -> 566 | B567: Gourrama | C567: 31.8 | D567: 38.2 | E567: 25.8 | F567: 59 | G567: 59.6 | H567: 58.5 | I567: 3.6 | J567: 1.6 | K567: 5.4 | L567: 5.6 | M567: 0.6 | N567: 10.3 | O567: 26.8 | P567: 30.5 | Q567: 23 | R567: 3.6 | S567: 2.84
A568: {=INDEX(IDs!A:A, MATCH(B568, IDs!B:B, 0))} -> 567 | B568: Gteter | C568: 30.9 | D568: 37.4 | E568: 24.1 | F568: 65 | G568: 61.7 | H568: 68.4 | I568: 1.2 | J568: 0.6 | K568: 1.8 | L568: 2.9 | M568: 0.3 | N568: 5.7 | O568: 26.5 | P568: 30.5 | Q568: 22.1 | R568: 3.8 | S568: 2.61
A569: {=INDEX(IDs!A:A, MATCH(B569, IDs!B:B, 0))} -> 568 | B569: Gueliz | C569: 39.2 | D569: 42.9 | E569: 35.9 | F569: 50.3 | G569: 53 | H569: 47.9 | I569: 5.3 | J569: 3.1 | K569: 7.2 | L569: 5.3 | M569: 1 | N569: 9 | O569: 30.8 | P569: 33.6 | Q569: 28.3 | R569: 2 | S569: 1.32
A570: {=INDEX(IDs!A:A, MATCH(B570, IDs!B:B, 0))} -> 569 | B570: Guelmim | C570: 36.3 | D570: 42.8 | E570: 30.3 | F570: 55.2 | G570: 55.1 | H570: 55.3 | I570: 3.6 | J570: 1.6 | K570: 5.4 | L570: 5 | M570: 0.6 | N570: 9 | O570: 31.1 | P570: 34.6 | Q570: 28 | R570: 2.7 | S570: 1.74
A571: {=INDEX(IDs!A:A, MATCH(B571, IDs!B:B, 0))} -> 570 | B571: Gueltat Zemmour | C571: 40.3 | D571: 44.2 | E571: 32 | F571: 49.4 | G571: 51.9 | H571: 44 | I571: 1.3 | J571: 1.9 | K571: 0 | L571: 9.1 | M571: 1.9 | N571: 24 | O571: 30.2 | P571: 33.6 | R571: 0
A572: {=INDEX(IDs!A:A, MATCH(B572, IDs!B:B, 0))} -> 571 | B572: Guenfouda | C572: 35.6 | D572: 42.5 | E572: 28.7 | F572: 57.4 | G572: 55.3 | H572: 59.5 | I572: 2.2 | J572: 1.3 | K572: 3.1 | L572: 4.7 | M572: 0.8 | N572: 8.7 | O572: 29 | P572: 35.1 | Q572: 22.2 | R572: 2.4 | S572: 1.56
A573: {=INDEX(IDs!A:A, MATCH(B573, IDs!B:B, 0))} -> 572 | B573: Guercif | C573: 33 | D573: 38.1 | E573: 28.4 | F573: 59.8 | G573: 60 | H573: 59.6 | I573: 2.7 | J573: 1.3 | K573: 4 | L573: 4.5 | M573: 0.6 | N573: 8.1 | O573: 28.3 | P573: 32.2 | Q573: 24.9 | R573: 2.8 | S573: 1.8
A574: {=INDEX(IDs!A:A, MATCH(B574, IDs!B:B, 0))} -> 573 | B574: Guers Tiaallaline | C574: 31.3 | D574: 39.8 | E574: 23.1 | F574: 58.8 | G574: 58.2 | H574: 59.4 | I574: 3.8 | J574: 1.6 | K574: 6 | L574: 6.1 | M574: 0.4 | N574: 11.6 | O574: 28.4 | P574: 32.6 | Q574: 24.1 | R574: 4 | S574: 2.53
A575: {=INDEX(IDs!A:A, MATCH(B575, IDs!B:B, 0))} -> 574 | B575: Guettaya | C575: 30.3 | D575: 38.3 | E575: 23.2 | F575: 58.5 | G575: 58.4 | H575: 58.5 | I575: 3.9 | J575: 2.1 | K575: 5.4 | L575: 7.4 | M575: 1.3 | N575: 12.8 | O575: 28.2 | P575: 35.1 | Q575: 21.8 | R575: 2.7 | S575: 1.57
A576: {=INDEX(IDs!A:A, MATCH(B576, IDs!B:B, 0))} -> 575 | B576: Gueznaia | C576: 30.7 | D576: 35.6 | E576: 25.6 | F576: 63.6 | G576: 62.1 | H576: 65.2 | I576: 3.1 | J576: 1.8 | K576: 4.4 | L576: 2.6 | M576: 0.5 | N576: 4.7 | O576: 27 | P576: 30.6 | Q576: 23.5 | R576: 2.6 | S576: 2.37
A577: {=INDEX(IDs!A:A, MATCH(B577, IDs!B:B, 0))} -> 576 | B577: Guigou | C577: 29.2 | D577: 35.1 | E577: 23.7 | F577: 60.7 | G577: 62.3 | H577: 59.3 | I577: 3.9 | J577: 1.3 | K577: 6.4 | L577: 6.1 | M577: 1.4 | N577: 10.6 | O577: 26.7 | P577: 30.2 | Q577: 23.4 | R577: 2.9 | S577: 2.39
A578: {=INDEX(IDs!A:A, MATCH(B578, IDs!B:B, 0))} -> 577 | B578: Guir | C578: 29.1 | D578: 36 | E578: 22.9 | F578: 58.6 | G578: 61.6 | H578: 55.9 | I578: 5 | J578: 1.7 | K578: 8 | L578: 7.3 | M578: 0.7 | N578: 13.2 | O578: 24.6 | P578: 30.3 | Q578: 18.8 | R578: 3.6 | S578: 2.76
A579: {=INDEX(IDs!A:A, MATCH(B579, IDs!B:B, 0))} -> 578 | B579: Guisser | C579: 29.2 | D579: 36.8 | E579: 22.2 | F579: 63.1 | G579: 60.8 | H579: 65.2 | I579: 2.3 | J579: 1.3 | K579: 3.3 | L579: 5.4 | M579: 1.1 | N579: 9.4 | O579: 26 | P579: 31.6 | Q579: 20.9 | R579: 3.5 | S579: 2.36
A580: {=INDEX(IDs!A:A, MATCH(B580, IDs!B:B, 0))} -> 579 | B580: Gzenaya Al Janoubia | C580: 31.7 | D580: 37.9 | E580: 25.9 | F580: 61.1 | G580: 60.5 | H580: 61.7 | I580: 1.9 | J580: 0.9 | K580: 2.7 | L580: 5.3 | M580: 0.7 | N580: 9.7 | O580: 28.2 | P580: 33.4 | Q580: 22.2 | R580: 2.9 | S580: 2.24
A581: {=INDEX(IDs!A:A, MATCH(B581, IDs!B:B, 0))} -> 580 | B581: H'ssyia | C581: 30.3 | D581: 37.3 | E581: 24.7 | F581: 63.8 | G581: 61.9 | H581: 65.3 | I581: 1.9 | J581: 0.3 | K581: 3.1 | L581: 4 | M581: 0.4 | N581: 7 | O581: 26.7 | P581: 30.9 | Q581: 23.8 | R581: 5.6 | S581: 2.25
A582: {=INDEX(IDs!A:A, MATCH(B582, IDs!B:B, 0))} -> 581 | B582: Had Al Gharbia | C582: 36 | D582: 42.2 | E582: 29.3 | F582: 55.1 | G582: 53.8 | H582: 56.5 | I582: 2.4 | J582: 1.9 | K582: 3 | L582: 6.4 | M582: 2.1 | N582: 11.2 | O582: 28.7 | P582: 32.9 | Q582: 24.1 | R582: 2.3 | S582: 2.55
A583: {=INDEX(IDs!A:A, MATCH(B583, IDs!B:B, 0))} -> 582 | B583: Had Bouhssoussen | C583: 30.1 | D583: 36.3 | E583: 24.3 | F583: 59.6 | G583: 60.6 | H583: 58.7 | I583: 3 | J583: 2.1 | K583: 3.9 | L583: 7.3 | M583: 1 | N583: 13.1 | O583: 28.6 | P583: 32.7 | Q583: 24.8 | R583: 3.1 | S583: 2.09
... A588: {=INDEX(IDs!A:A, MATCH(B588, IDs!B:B, 0))} -> 587 | B588: Haddada | C588: 27 | D588: 33.9 | E588: 19.8 | F588: 67.5 | G588: 64 | H588: 71.1 | I588: 2.6 | J588: 1.5 | K588: 3.8 | L588: 3 | M588: 0.7 | N588: 5.3 | O588: 25.3 | P588: 28.7 | Q588: 22 | R588: 3.5 | S588: 2.43
A589: {=INDEX(IDs!A:A, MATCH(B589, IDs!B:B, 0))} -> 588 | B589: Haouza | C589: 39.6 | D589: 44.4 | E589: 30.6 | F589: 53.6 | G589: 51.9 | H589: 56.9 | I589: 3.9 | J589: 3 | K589: 5.6 | L589: 2.9 | M589: 0.7 | N589: 6.9 | O589: 32.3 | P589: 36.7 | R589: 4.3 | S589: 6.25
A590: {=INDEX(IDs!A:A, MATCH(B590, IDs!B:B, 0))} -> 589 | B590: Haouzia | C590: 30.3 | D590: 37.7 | E590: 22.1 | F590: 63 | G590: 60 | H590: 66.3 | I590: 2.2 | J590: 1.5 | K590: 2.9 | L590: 4.6 | M590: 0.8 | N590: 8.7 | O590: 26.8 | P590: 29.9 | Q590: 23.5 | R590: 3.3 | S590: 2.38
A591: {=INDEX(IDs!A:A, MATCH(B591, IDs!B:B, 0))} -> 590 | B591: Harbil | C591: 29.5 | D591: 35.2 | E591: 23.8 | F591: 64.4 | G591: 62.9 | H591: 65.9 | I591: 2.6 | J591: 1.4 | K591: 3.8 | L591: 3.5 | M591: 0.5 | N591: 6.5 | O591: 26.1 | P591: 30 | Q591: 22.2 | R591: 3.3 | S591: 2.35
A592: {=INDEX(IDs!A:A, MATCH(B592, IDs!B:B, 0))} -> 591 | B592: Harhoura | C592: 29.7 | D592: 32.1 | E592: 27.6 | F592: 62.1 | G592: 63.5 | H592: 60.8 | I592: 4.7 | J592: 3.4 | K592: 5.9 | L592: 3.5 | M592: 1 | N592: 5.7 | O592: 31.5 | P592: 33.8 | Q592: 29.6 | R592: 1.9 | S592: 1.72
A593: {=INDEX(IDs!A:A, MATCH(B593, IDs!B:B, 0))} -> 592 | B593: Hassan | C593: 39.4 | D593: 44.3 | E593: 35.2 | F593: 45.8 | G593: 49.3 | H593: 42.7 | I593: 6.4 | J593: 4.6 | K593: 7.9 | L593: 8.4 | M593: 1.9 | N593: 14.1 | O593: 33.3 | P593: 36.1 | Q593: 30.6 | R593: 1.6 | S593: 0.95
A594: {=INDEX(IDs!A:A, MATCH(B594, IDs!B:B, 0))} -> 593 | B594: Hassi-Berkane | C594: 36.1 | D594: 44.2 | E594: 28.3 | F594: 57.8 | G594: 54.4 | H594: 61.1 | I594: 1.4 | J594: 0.9 | K594: 1.8 | L594: 4.7 | M594: 0.6 | N594: 8.8 | O594: 29.8 | P594: 35 | Q594: 24 | R594: 2.9 | S594: 1.7
A595: {=INDEX(IDs!A:A, MATCH(B595, IDs!B:B, 0))} -> 594 | B595: Hattane | C595: 30.7 | D595: 38.1 | E595: 24.5 | F595: 57.1 | G595: 60.2 | H595: 54.4 | I595: 3.9 | J595: 1.1 | K595: 6.3 | L595: 8.3 | M595: 0.7 | N595: 14.8 | O595: 27.4 | P595: 33.4 | Q595: 21.2 | R595: 2.5 | S595: 1.86
A596: {=INDEX(IDs!A:A, MATCH(B596, IDs!B:B, 0))} -> 595 | B596: Hay-Hassani | C596: 35.5 | D596: 40.2 | E596: 31.1 | F596: 55.6 | G596: 56.4 | H596: 54.9 | I596: 4.3 | J596: 2.4 | K596: 6 | L596: 4.6 | M596: 1 | N596: 7.9 | O596: 29.8 | P596: 33.1 | Q596: 26.6 | R596: 2.2 | S596: 1.6
A597: {=INDEX(IDs!A:A, MATCH(B597, IDs!B:B, 0))} -> 596 | B597: Hay-Mohammadi | C597: 39.1 | D597: 45.7 | E597: 33 | F597: 47.3 | G597: 48.7 | H597: 46 | I597: 5.6 | J597: 3.9 | K597: 7.1 | L597: 8.1 | M597: 1.6 | N597: 14 | O597: 31.2 | P597: 35.5 | Q597: 26.7 | R597: 1.9 | S597: 1.41
A598: {=INDEX(IDs!A:A, MATCH(B598, IDs!B:B, 0))} -> 597 | B598: Hel Merbaa | C598: 29 | D598: 35.9 | E598: 23.5 | F598: 59.1 | G598: 61.2 | H598: 57.3 | I598: 3.4 | J598: 1.8 | K598: 4.6 | L598: 8.6 | M598: 1.1 | N598: 14.6 | O598: 27.7 | P598: 33.7 | Q598: 22.3 | R598: 2.5 | S598: 1.96
A599: {=INDEX(IDs!A:A, MATCH(B599, IDs!B:B, 0))} -> 598 | B599: Hiadna | C599: 30.2 | D599: 37.7 | E599: 22.3 | F599: 64 | G599: 60.5 | H599: 67.7 | I599: 1.5 | J599: 1 | K599: 2 | L599: 4.3 | M599: 0.8 | N599: 8 | O599: 25.7 | P599: 29.9 | Q599: 20.8 | R599: 3.5 | S599: 2.44
A600: {=INDEX(IDs!A:A, MATCH(B600, IDs!B:B, 0))} -> 599 | B600: Hilala | C600: 28.1 | D600: 31.9 | E600: 25.1 | F600: 59.5 | G600: 65 | H600: 55.1 | I600: 1.9 | J600: 1.5 | K600: 2.1 | L600: 10.6 | M600: 1.5 | N600: 17.7 | O600: 32.7 | P600: 35.3 | Q600: 30.3 | R600: 2.6 | S600: 2.53
A601: {=INDEX(IDs!A:A, MATCH(B601, IDs!B:B, 0))} -> 600 | B601: Hjar Ennhal | C601: 28.8 | D601: 35.1 | E601: 21.9 | F601: 66.9 | G601: 63.2 | H601: 70.9 | I601: 1.6 | J601: 1 | K601: 2.3 | L601: 2.7 | M601: 0.7 | N601: 4.9 | O601: 26.8 | P601: 30.2 | Q601: 23.5 | R601: 3.3 | S601: 2.36
... A649: {=INDEX(IDs!A:A, MATCH(B649, IDs!B:B, 0))} -> 648 | B649: Imlil | C649: 28.9 | D649: 34.8 | E649: 23.5 | F649: 61.9 | G649: 63.4 | H649: 60.6 | I649: 2.1 | J649: 0.8 | K649: 3.3 | L649: 7 | M649: 1 | N649: 12.6 | O649: 25.8 | P649: 31.5 | Q649: 19.7 | R649: 2.9 | S649: 2.57
A650: {=INDEX(IDs!A:A, MATCH(B650, IDs!B:B, 0))} -> 649 | B650: Imlili | C650: 39.1 | D650: 39.2 | E650: 18.2 | F650: 58.2 | G650: 58.2 | H650: 45.5 | I650: 2.6 | J650: 2.6 | K650: 18.2 | L650: 0.1 | M650: 0 | N650: 18.2 | O650: 33 | P650: 33 | R650: 2
A651: {=INDEX(IDs!A:A, MATCH(B651, IDs!B:B, 0))} -> 650 | B651: Immouzzer-Kandar | C651: 30.4 | D651: 37.8 | E651: 23.5 | F651: 58.1 | G651: 58.5 | H651: 57.6 | I651: 6.3 | J651: 3 | K651: 9.4 | L651: 5.3 | M651: 0.8 | N651: 9.5 | O651: 28.2 | P651: 32.4 | Q651: 24 | R651: 2.5 | S651: 2.16
A652: {=INDEX(IDs!A:A, MATCH(B652, IDs!B:B, 0))} -> 651 | B652: Imoulass | C652: 26.8 | D652: 31.4 | E652: 22.8 | F652: 65.3 | G652: 66.6 | H652: 64 | I652: 1.2 | J652: 0.7 | K652: 1.7 | L652: 6.7 | M652: 1.4 | N652: 11.5 | O652: 29.2 | P652: 32.2 | Q652: 26.1 | R652: 3.9 | S652: 2.31
A653: {=INDEX(IDs!A:A, MATCH(B653, IDs!B:B, 0))} -> 652 | B653: Imouzzer | C653: 32.2 | D653: 37.1 | E653: 27.7 | F653: 59.6 | G653: 61 | H653: 58.3 | I653: 1.3 | J653: 0.8 | K653: 1.7 | L653: 7 | M653: 1.1 | N653: 12.2 | O653: 30.6 | P653: 34.5 | Q653: 26.9 | R653: 3 | S653: 1.53
A654: {=INDEX(IDs!A:A, MATCH(B654, IDs!B:B, 0))} -> 653 | B654: Imouzzer Marmoucha | C654: 29.6 | D654: 36.6 | E654: 23.5 | F654: 58 | G654: 59.8 | H654: 56.4 | I654: 4.9 | J654: 2.2 | K654: 7.3 | L654: 7.5 | M654: 1.4 | N654: 12.8 | O654: 28.5 | P654: 32.4 | Q654: 25.3 | R654: 2.5 | S654: 1.42
A655: {=INDEX(IDs!A:A, MATCH(B655, IDs!B:B, 0))} -> 654 | B655: Imrabten | C655: 43.5 | D655: 47.6 | E655: 39.9 | F655: 49.6 | G655: 49.7 | H655: 49.5 | I655: 1.4 | J655: 1.4 | K655: 1.4 | L655: 5.5 | M655: 1.4 | N655: 9.2 | O655: 30.2 | P655: 36.7 | Q655: 22.1 | R655: 2.3 | S655: 1.67
A656: {=INDEX(IDs!A:A, MATCH(B656, IDs!B:B, 0))} -> 655 | B656: Imsouane | C656: 27.4 | D656: 35.3 | E656: 19.1 | F656: 65.9 | G656: 62.9 | H656: 69 | I656: 1.5 | J656: 1 | K656: 2.1 | L656: 5.2 | M656: 0.8 | N656: 9.8 | O656: 27.4 | P656: 31.4 | Q656: 22.6 | R656: 3.3 | S656: 1.9
A657: {=INDEX(IDs!A:A, MATCH(B657, IDs!B:B, 0))} -> 656 | B657: Imzouren | C657: 38.4 | D657: 44.3 | E657: 32.9 | F657: 54 | G657: 53.5 | H657: 54.5 | I657: 2.4 | J657: 1.2 | K657: 3.5 | L657: 5.1 | M657: 0.9 | N657: 9.1 | O657: 30.6 | P657: 35.2 | Q657: 25.6 | R657: 2.5 | S657: 2.04
A658: {=INDEX(IDs!A:A, MATCH(B658, IDs!B:B, 0))} -> 657 | B658: Inchaden | C658: 33.6 | D658: 42.4 | E658: 23.3 | F658: 59.3 | G658: 55.4 | H658: 63.8 | I658: 3 | J658: 1.6 | K658: 4.6 | L658: 4.2 | M658: 0.6 | N658: 8.3 | O658: 27.5 | P658: 31.3 | Q658: 22.6 | R658: 2.6 | S658: 2.53
A659: {=INDEX(IDs!A:A, MATCH(B659, IDs!B:B, 0))} -> 658 | B659: Inezgane | C659: 36 | D659: 42.7 | E659: 29.4 | F659: 55.2 | G659: 54.2 | H659: 56.2 | I659: 3.8 | J659: 2.2 | K659: 5.3 | L659: 5 | M659: 0.9 | N659: 9.1 | O659: 29.7 | P659: 33.7 | Q659: 25.8 | R659: 2.7 | S659: 1.56
A660: {=INDEX(IDs!A:A, MATCH(B660, IDs!B:B, 0))} -> 659 | B660: Iounane | C660: 38.7 | D660: 45.6 | E660: 30.8 | F660: 56.7 | G660: 52.8 | H660: 61.3 | I660: 1.2 | J660: 1.1 | K660: 1.3 | L660: 3.3 | M660: 0.5 | N660: 6.6 | O660: 30.1 | P660: 33.7 | Q660: 26.1 | R660: 3.5 | S660: 2.93
A661: {=INDEX(IDs!A:A, MATCH(B661, IDs!B:B, 0))} -> 660 | B661: Iqaddar | C661: 27.5 | D661: 33.6 | E661: 21.4 | F661: 64.6 | G661: 63.4 | H661: 65.9 | I661: 2.8 | J661: 2 | K661: 3.7 | L661: 5 | M661: 1 | N661: 8.9 | O661: 26.7 | P661: 30.7 | Q661: 22.7 | R661: 2.6 | S661: 2.33
A662: {=INDEX(IDs!A:A, MATCH(B662, IDs!B:B, 0))} -> 661 | B662: Irherm | C662: 39.1 | D662: 45.1 | E662: 32.8 | F662: 53.5 | G662: 53.1 | H662: 53.9 | I662: 1.8 | J662: 0.9 | K662: 2.8 | L662: 5.6 | M662: 0.8 | N662: 10.5 | O662: 31.3 | P662: 35.5 | Q662: 25.5 | R662: 2.4 | S662: 1.83
... A761: {=INDEX(IDs!A:A, MATCH(B761, IDs!B:B, 0))} -> 760 | B761: Lagnadiz | C761: 27.1 | D761: 35 | E761: 19.3 | F761: 65.9 | G761: 62.6 | H761: 69.2 | I761: 1.3 | J761: 1.5 | K761: 1 | L761: 5.8 | M761: 0.9 | N761: 10.5 | O761: 26.9 | P761: 30.6 | Q761: 23.1 | R761: 3.6 | S761: 2.33
A762: {=INDEX(IDs!A:A, MATCH(B762, IDs!B:B, 0))} -> 761 | B762: Lagouira-N/A | C762: N/A | D762: N/A | E762: N/A | F762: N/A | G762: N/A | H762: N/A | I762: N/A | J762: N/A | K762: N/A | L762: N/A | M762: N/A | N762: N/A | O762: N/A | P762: N/A | Q762: N/A | R762: N/A | S762: N/A
A763: {=INDEX(IDs!A:A, MATCH(B763, IDs!B:B, 0))} -> 762 | B763: Lahdar | C763: 35.8 | D763: 44.2 | E763: 27 | F763: 55.6 | G763: 54 | H763: 57.3 | I763: 1.5 | J763: 0.7 | K763: 2.3 | L763: 7.1 | M763: 1.1 | N763: 13.4 | O763: 28.7 | P763: 32.7 | Q763: 24.2 | R763: 3.8 | S763: 2.08
A764: {=INDEX(IDs!A:A, MATCH(B764, IDs!B:B, 0))} -> 763 | B764: Lahouaza | C764: 28.8 | D764: 36.7 | E764: 20.5 | F764: 62.3 | G764: 60.5 | H764: 64.1 | I764: 1.8 | J764: 1.5 | K764: 2 | L764: 7.2 | M764: 1.3 | N764: 13.3 | O764: 27.8 | P764: 32.9 | Q764: 22.3 | R764: 3.3 | S764: 2.41
A765: {=INDEX(IDs!A:A, MATCH(B765, IDs!B:B, 0))} -> 764 | B765: Lahraouyine | C765: 31.4 | D765: 37.2 | E765: 25.7 | F765: 60.8 | G765: 59.9 | H765: 61.8 | I765: 3.6 | J765: 2.3 | K765: 5 | L765: 4.1 | M765: 0.6 | N765: 7.5 | O765: 27.3 | P765: 31.1 | Q765: 23.6 | R765: 2.8 | S765: 2.24
A766: {=INDEX(IDs!A:A, MATCH(B766, IDs!B:B, 0))} -> 765 | B766: Lahsasna | C766: 30.5 | D766: 39.8 | E766: 19.8 | F766: 62.9 | G766: 58 | H766: 68.5 | I766: 1.6 | J766: 1.3 | K766: 2 | L766: 5 | M766: 0.9 | N766: 9.7 | O766: 27 | P766: 31.8 | Q766: 21 | R766: 3.7 | S766: 2.64
A767: {=INDEX(IDs!A:A, MATCH(B767, IDs!B:B, 0))} -> 766 | B767: Lahsinate | C767: 29.1 | D767: 37.4 | E767: 20.1 | F767: 62.9 | G767: 59 | H767: 67.1 | I767: 1.8 | J767: 2.1 | K767: 1.5 | L767: 6.2 | M767: 1.5 | N767: 11.3 | O767: 27.9 | P767: 32.9 | Q767: 22.1 | R767: 3.6 | S767: 2.28
A768: {=INDEX(IDs!A:A, MATCH(B768, IDs!B:B, 0))} -> 767 | B768: Lakhnafif | C768: 30.1 | D768: 35.8 | E768: 24.5 | F768: 63.3 | G768: 62.7 | H768: 63.9 | I768: 2.1 | J768: 1 | K768: 3.1 | L768: 4.6 | M768: 0.6 | N768: 8.4 | O768: 28.5 | P768: 31.9 | Q768: 25.1 | R768: 2.9 | S768: 2
A769: {=INDEX(IDs!A:A, MATCH(B769, IDs!B:B, 0))} -> 768 | B769: Lakhoualqa | C769: 29.5 | D769: 38.2 | E769: 20.7 | F769: 63 | G769: 59.9 | H769: 66.2 | I769: 1.9 | J769: 1.1 | K769: 2.7 | L769: 5.6 | M769: 0.8 | N769: 10.4 | O769: 25.6 | P769: 30.4 | Q769: 20.3 | R769: 4.3 | S769: 3.19
A770: {=INDEX(IDs!A:A, MATCH(B770, IDs!B:B, 0))} -> 769 | B770: Lakhsas | C770: 33.1 | D770: 39.8 | E770: 26.5 | F770: 58.4 | G770: 58.4 | H770: 58.4 | I770: 1.9 | J770: 0.9 | K770: 2.8 | L770: 6.6 | M770: 0.9 | N770: 12.3 | O770: 30.5 | P770: 34.3 | Q770: 27.1 | R770: 3 | S770: 1.56
...

Sheet Sheet7
A1: Libelle Arabe | B1: Libelle Français | C1: Age Moyen au Premier mariage (Année): Féminins
A2: اعرب صباح اغريس | B2: Aarab Sebbah Gheris | C2: 22.8
A3: عرب صباح زيز | B3: Aarab Sebbah Ziz | C3: 22.9
A4: أبادو | B4: Abadou | C4: 23.9
A5: أباينو | B5: Abaynou | C5: 25.9
A6: عبو لكحل | B6: Abbou Lakhal | C6: 20.6
A7: عبد الغاية السواحل | B7: Abdelghaya Souahel | C7: 22.3
A8: أبطيح | B8: Abteh | C8: 28.1
A9: أدغاس | B9: Adaghas | C9: 26.3
A10: أضار | B10: Adar | C10: 33.8
A11: اداسيل | B11: Adassil | C11: 22
A12: أداي | B12: Aday | C12: 29.4
A13: اديس | B13: Adis | C13: 30.5
... A34: اغواطيم | B34: Aghouatim | C34: 21.8
A35: اغوينيت | B35: Aghouinite
A36: اكليف | B36: Aglif | C36: 24.1
A37: أكودي نلخير | B37: Agoudi N'lkhair | C37: 23
A38: أكديم | B38: Agoudim | C38: 22.9
A39: أكوراي | B39: Agourai | C39: 23.2
A40: أكلمام أزكزا | B40: Aguelmam Azegza | C40: 23.9
A41: أكلموس | B41: Aguelmous | C41: 24.7
A42: اكرض | B42: Aguerd | C42: 23.3
A43: أكينان | B43: Aguinane | C43: 29.2
A44: اهديل | B44: Ahdil | C44: 22.7
A45: أحفير | B45: Ahfir | C45: 24.2
A46: أهل انكاد | B46: Ahl Angad | C46: 24.1
A47: أهل وادزا | B47: Ahl Oued Za | C47: 23
... A302: بيوكرى | B302: Biougra | C302: 24.9
A303: بئر أنزران | B303: Bir Anzarane
A304: بئر النصر | B304: Bir Ennasr | C304: 22.8
A305: بئر كندوز | B305: Bir Gandouz | C305: 21.4
A306: بئر مزوي | B306: Bir Mezoui | C306: 21.9
A307: بير الطالب | B307: Bir Taleb | C307: 17
A308: بئر طم طم | B308: Bir Tam-Tam | C308: 21.6
A309: بطيط | B309: Bitit | C309: 23.8
A310: بيزضاض | B310: Bizdad | C310: 22.9
A311: ابليدة | B311: Bleida | C311: 25.6
A312: بني عياط | B312: Bni A'yat | C312: 21.9
A313: بني عبد الله | B313: Bni Abdellah | C313: 26
A314: بني احمد الشرقية | B314: Bni Ahmed Cherqia | C314: 23.8
A315: بني احمد الغربية | B315: Bni Ahmed Gharbia | C315: 24.8
... A563: اغمات | B563: Ghmate | C563: 22.5
A564: اكليبات الفولة | B564: Gleibat El Foula
A565: كماسة | B565: Gmassa | C565: 21
A566: كلميمة | B566: Goulmima | C566: 28.2
A567: كرامة | B567: Gourrama | C567: 23
A568: كطيطير | B568: Gteter | C568: 22.1
A569: جيليز | B569: Gueliz | C569: 28.3
A570: كلميم | B570: Guelmim | C570: 28
A571: كلتة زمور | B571: Gueltat Zemmour
A572: كنفودة | B572: Guenfouda | C572: 22.2
A573: جرسيف | B573: Guercif | C573: 24.9
A574: كرس تعلالين | B574: Guers Tiaallaline | C574: 24.1
A575: كطاية | B575: Guettaya | C575: 21.8
A576: اكزناية | B576: Gueznaia | C576: 23.5
A577: كيكو | B577: Guigou | C577: 23.4
A578: كير | B578: Guir | C578: 18.8
A579: كيسر | B579: Guisser | C579: 20.9
A580: اكزناية الجنوبية | B580: Gzenaya Al Janoubia | C580: 22.2
A581: حصيا | B581: H'ssyia | C581: 23.8
A582: حد الغربية | B582: Had Al Gharbia | C582: 24.1
A583: أحد بوحسوسن | B583: Had Bouhssoussen | C583: 24.8
... A588: الحدادة | B588: Haddada | C588: 22
A589: حوزة | B589: Haouza
A590: حوزية | B590: Haouzia | C590: 23.5
A591: حربيل | B591: Harbil | C591: 22.2
A592: الهرهورة | B592: Harhoura | C592: 29.6
A593: حسان | B593: Hassan | C593: 30.6
A594: حاسي بركان | B594: Hassi-Berkane | C594: 24
A595: حطان | B595: Hattane | C595: 21.2
A596: الحي الحسني | B596: Hay-Hassani | C596: 26.6
A597: الحي المحمدي | B597: Hay-Mohammadi | C597: 26.7
A598: أهل مربع | B598: Hel Merbaa | C598: 22.3
A599: الهيادنة | B599: Hiadna | C599: 20.8
A600: هلالة | B600: Hilala | C600: 30.3
A601: حجر النحل | B601: Hjar Ennhal | C601: 23.5
... A649: امليل | B649: Imlil | C649: 19.7
A650: امليلي | B650: Imlili
A651: إيموزار كندر | B651: Immouzzer-Kandar | C651: 24
A652: إيمولاس | B652: Imoulass | C652: 26.1
A653: إيموزار | B653: Imouzzer | C653: 26.9
A654: إيموزار مرموشة | B654: Imouzzer Marmoucha | C654: 25.3
A655: امرابطن | B655: Imrabten | C655: 22.1
A656: امسوان | B656: Imsouane | C656: 22.6
A657: امزورن | B657: Imzouren | C657: 25.6
A658: انشادن | B658: Inchaden | C658: 22.6
A659: إنزكان | B659: Inezgane | C659: 25.8
A660: اونان | B660: Iounane | C660: 26.1
A661: إقدار | B661: Iqaddar | C661: 22.7
A662: إيغرم | B662: Irherm | C662: 25.5
... A761: لكناديز | B761: Lagnadiz | C761: 23.1
A762: الكويرة | B762: Lagouira
A763: لحضر | B763: Lahdar | C763: 24.2
A764: لحوازة | B764: Lahouaza | C764: 22.3
A765: لهراويين | B765: Lahraouyine | C765: 23.6
A766: لحساسنة | B766: Lahsasna | C766: 21
A767: لحسينات | B767: Lahsinate | C767: 22.1
A768: الخنافيف | B768: Lakhnafif | C768: 25.1
A769: لخوالقة | B769: Lakhoualqa | C769: 20.3
A770: الأخصاص | B770: Lakhsas | C770: 27.1
...
